link,amp_link,non_amp_total,non_amp_response,amp_total,amp_response,attempt#
https://www.theguardian.com/us-news/2017/feb/21/donald-trump-immigration-deportation-guidelines-homeland-security,https://amp.theguardian.com/us-news/2017/feb/21/donald-trump-immigration-deportation-guidelines-homeland-security,5660,173,1318,136,0
https://www.theguardian.com/us-news/2017/feb/21/donald-trump-immigration-deportation-guidelines-homeland-security,https://amp.theguardian.com/us-news/2017/feb/21/donald-trump-immigration-deportation-guidelines-homeland-security,8027,174,1291,129,1
https://www.theguardian.com/us-news/2017/feb/21/donald-trump-immigration-deportation-guidelines-homeland-security,https://amp.theguardian.com/us-news/2017/feb/21/donald-trump-immigration-deportation-guidelines-homeland-security,3892,167,1205,47,2
https://www.theguardian.com/books/2017/feb/21/60-authors-actors-musicians-sign-letter-against-trump-travel-ban,https://amp.theguardian.com/books/2017/feb/21/60-authors-actors-musicians-sign-letter-against-trump-travel-ban,3389,82,1282,182,0
https://www.theguardian.com/books/2017/feb/21/60-authors-actors-musicians-sign-letter-against-trump-travel-ban,https://amp.theguardian.com/books/2017/feb/21/60-authors-actors-musicians-sign-letter-against-trump-travel-ban,3834,165,1323,186,1
https://www.theguardian.com/books/2017/feb/21/60-authors-actors-musicians-sign-letter-against-trump-travel-ban,https://amp.theguardian.com/books/2017/feb/21/60-authors-actors-musicians-sign-letter-against-trump-travel-ban,4458,77,1181,60,2
https://www.theguardian.com/us-news/2017/feb/21/tijuana-migration-latin-america-mexico-homelessness,https://amp.theguardian.com/us-news/2017/feb/21/tijuana-migration-latin-america-mexico-homelessness,2280,121,2000,459,0
https://www.theguardian.com/us-news/2017/feb/21/tijuana-migration-latin-america-mexico-homelessness,https://amp.theguardian.com/us-news/2017/feb/21/tijuana-migration-latin-america-mexico-homelessness,1932,66,1708,70,1
https://www.theguardian.com/us-news/2017/feb/21/tijuana-migration-latin-america-mexico-homelessness,https://amp.theguardian.com/us-news/2017/feb/21/tijuana-migration-latin-america-mexico-homelessness,1896,69,1839,64,2
https://www.theguardian.com/education/2017/feb/21/donald-trump-travel-ban-universities-international-students,https://amp.theguardian.com/education/2017/feb/21/donald-trump-travel-ban-universities-international-students,3854,191,1800,296,0
https://www.theguardian.com/education/2017/feb/21/donald-trump-travel-ban-universities-international-students,https://amp.theguardian.com/education/2017/feb/21/donald-trump-travel-ban-universities-international-students,4013,72,1880,401,1
https://www.theguardian.com/education/2017/feb/21/donald-trump-travel-ban-universities-international-students,https://amp.theguardian.com/education/2017/feb/21/donald-trump-travel-ban-universities-international-students,5425,166,1867,262,2
https://www.theguardian.com/society/2017/feb/21/long-winded-speech-could-be-early-sign-of-alzheimers-says-study,https://amp.theguardian.com/society/2017/feb/21/long-winded-speech-could-be-early-sign-of-alzheimers-says-study,3589,92,1271,132,0
https://www.theguardian.com/society/2017/feb/21/long-winded-speech-could-be-early-sign-of-alzheimers-says-study,https://amp.theguardian.com/society/2017/feb/21/long-winded-speech-could-be-early-sign-of-alzheimers-says-study,3336,74,1314,163,1
https://www.theguardian.com/society/2017/feb/21/long-winded-speech-could-be-early-sign-of-alzheimers-says-study,https://amp.theguardian.com/society/2017/feb/21/long-winded-speech-could-be-early-sign-of-alzheimers-says-study,3470,71,1491,352,2
https://www.theguardian.com/us-news/2017/feb/21/trump-draft-budget-legal-aid-low-income,https://amp.theguardian.com/us-news/2017/feb/21/trump-draft-budget-legal-aid-low-income,3531,66,1335,142,0
https://www.theguardian.com/us-news/2017/feb/21/trump-draft-budget-legal-aid-low-income,https://amp.theguardian.com/us-news/2017/feb/21/trump-draft-budget-legal-aid-low-income,4233,69,1171,43,1
https://www.theguardian.com/us-news/2017/feb/21/trump-draft-budget-legal-aid-low-income,https://amp.theguardian.com/us-news/2017/feb/21/trump-draft-budget-legal-aid-low-income,3703,81,1253,174,2
https://www.theguardian.com/society/2017/feb/21/california-floods-homeless-people-rescued,https://amp.theguardian.com/society/2017/feb/21/california-floods-homeless-people-rescued,3297,73,1357,179,0
https://www.theguardian.com/society/2017/feb/21/california-floods-homeless-people-rescued,https://amp.theguardian.com/society/2017/feb/21/california-floods-homeless-people-rescued,5052,66,1336,199,1
https://www.theguardian.com/society/2017/feb/21/california-floods-homeless-people-rescued,https://amp.theguardian.com/society/2017/feb/21/california-floods-homeless-people-rescued,3930,159,1395,192,2
https://www.theguardian.com/us-news/2017/feb/21/california-storms-big-sur-rain-flood,https://amp.theguardian.com/us-news/2017/feb/21/california-storms-big-sur-rain-flood,4478,70,1394,191,0
https://www.theguardian.com/us-news/2017/feb/21/california-storms-big-sur-rain-flood,https://amp.theguardian.com/us-news/2017/feb/21/california-storms-big-sur-rain-flood,3598,72,1177,43,1
https://www.theguardian.com/us-news/2017/feb/21/california-storms-big-sur-rain-flood,https://amp.theguardian.com/us-news/2017/feb/21/california-storms-big-sur-rain-flood,4052,355,1244,47,2
https://www.theguardian.com/society/2017/feb/21/outside-coastal-bubbles-to-say-america-is-already-great-rings-hollow,https://amp.theguardian.com/society/2017/feb/21/outside-coastal-bubbles-to-say-america-is-already-great-rings-hollow,4551,72,1276,146,0
https://www.theguardian.com/society/2017/feb/21/outside-coastal-bubbles-to-say-america-is-already-great-rings-hollow,https://amp.theguardian.com/society/2017/feb/21/outside-coastal-bubbles-to-say-america-is-already-great-rings-hollow,4386,87,1386,240,1
https://www.theguardian.com/society/2017/feb/21/outside-coastal-bubbles-to-say-america-is-already-great-rings-hollow,https://amp.theguardian.com/society/2017/feb/21/outside-coastal-bubbles-to-say-america-is-already-great-rings-hollow,3720,79,1284,134,2
https://www.theguardian.com/us-news/2017/feb/21/rosa-ortega-voter-fraud-texas-mexico-trump,https://amp.theguardian.com/us-news/2017/feb/21/rosa-ortega-voter-fraud-texas-mexico-trump,3670,64,2008,308,0
https://www.theguardian.com/us-news/2017/feb/21/rosa-ortega-voter-fraud-texas-mexico-trump,https://amp.theguardian.com/us-news/2017/feb/21/rosa-ortega-voter-fraud-texas-mexico-trump,4576,79,1551,42,1
https://www.theguardian.com/us-news/2017/feb/21/rosa-ortega-voter-fraud-texas-mexico-trump,https://amp.theguardian.com/us-news/2017/feb/21/rosa-ortega-voter-fraud-texas-mexico-trump,5226,526,1172,36,2
https://www.theguardian.com/world/2017/feb/21/vandals-damage-dozens-of-headstones-in-jewish-cemetery-in-missouri,https://amp.theguardian.com/world/2017/feb/21/vandals-damage-dozens-of-headstones-in-jewish-cemetery-in-missouri,4586,81,1327,185,0
https://www.theguardian.com/world/2017/feb/21/vandals-damage-dozens-of-headstones-in-jewish-cemetery-in-missouri,https://amp.theguardian.com/world/2017/feb/21/vandals-damage-dozens-of-headstones-in-jewish-cemetery-in-missouri,3598,85,1379,219,1
https://www.theguardian.com/world/2017/feb/21/vandals-damage-dozens-of-headstones-in-jewish-cemetery-in-missouri,https://amp.theguardian.com/world/2017/feb/21/vandals-damage-dozens-of-headstones-in-jewish-cemetery-in-missouri,3682,90,1234,47,2
https://www.theguardian.com/us-news/2017/feb/21/epa-scott-pruitt-trump-environment-economy,https://amp.theguardian.com/us-news/2017/feb/21/epa-scott-pruitt-trump-environment-economy,4437,80,3397,197,0
https://www.theguardian.com/us-news/2017/feb/21/epa-scott-pruitt-trump-environment-economy,https://amp.theguardian.com/us-news/2017/feb/21/epa-scott-pruitt-trump-environment-economy,3806,68,1329,57,1
https://www.theguardian.com/us-news/2017/feb/21/epa-scott-pruitt-trump-environment-economy,https://amp.theguardian.com/us-news/2017/feb/21/epa-scott-pruitt-trump-environment-economy,3920,76,1280,44,2
https://www.theguardian.com/world/2017/feb/21/elor-azaria-israeli-soldier-jailed-18-months-killing-palestinian,https://amp.theguardian.com/world/2017/feb/21/elor-azaria-israeli-soldier-jailed-18-months-killing-palestinian,3606,385,1382,248,0
https://www.theguardian.com/world/2017/feb/21/elor-azaria-israeli-soldier-jailed-18-months-killing-palestinian,https://amp.theguardian.com/world/2017/feb/21/elor-azaria-israeli-soldier-jailed-18-months-killing-palestinian,3679,80,1392,258,1
https://www.theguardian.com/world/2017/feb/21/elor-azaria-israeli-soldier-jailed-18-months-killing-palestinian,https://amp.theguardian.com/world/2017/feb/21/elor-azaria-israeli-soldier-jailed-18-months-killing-palestinian,3487,74,1288,57,2
https://www.theguardian.com/us-news/2017/feb/21/british-muslim-teacher-taken-off-us-bound-flight-i-was-treated-like-a-criminal,https://amp.theguardian.com/us-news/2017/feb/21/british-muslim-teacher-taken-off-us-bound-flight-i-was-treated-like-a-criminal,4536,80,1297,186,0
https://www.theguardian.com/us-news/2017/feb/21/british-muslim-teacher-taken-off-us-bound-flight-i-was-treated-like-a-criminal,https://amp.theguardian.com/us-news/2017/feb/21/british-muslim-teacher-taken-off-us-bound-flight-i-was-treated-like-a-criminal,3849,534,1156,47,1
https://www.theguardian.com/us-news/2017/feb/21/british-muslim-teacher-taken-off-us-bound-flight-i-was-treated-like-a-criminal,https://amp.theguardian.com/us-news/2017/feb/21/british-muslim-teacher-taken-off-us-bound-flight-i-was-treated-like-a-criminal,5186,81,1305,136,2
https://www.theguardian.com/tv-and-radio/2017/feb/21/late-night-tv-roundup-trump-sweden-never-fjorget,https://amp.theguardian.com/tv-and-radio/2017/feb/21/late-night-tv-roundup-trump-sweden-never-fjorget,4269,191,2206,177,0
https://www.theguardian.com/tv-and-radio/2017/feb/21/late-night-tv-roundup-trump-sweden-never-fjorget,https://amp.theguardian.com/tv-and-radio/2017/feb/21/late-night-tv-roundup-trump-sweden-never-fjorget,4290,82,1335,51,1
https://www.theguardian.com/tv-and-radio/2017/feb/21/late-night-tv-roundup-trump-sweden-never-fjorget,https://amp.theguardian.com/tv-and-radio/2017/feb/21/late-night-tv-roundup-trump-sweden-never-fjorget,4077,74,1415,50,2
https://www.theguardian.com/commentisfree/2017/feb/21/democratic-party-resistance-dnc-chair-vote-keith-ellison,https://amp.theguardian.com/commentisfree/2017/feb/21/democratic-party-resistance-dnc-chair-vote-keith-ellison,3812,77,1258,130,0
https://www.theguardian.com/commentisfree/2017/feb/21/democratic-party-resistance-dnc-chair-vote-keith-ellison,https://amp.theguardian.com/commentisfree/2017/feb/21/democratic-party-resistance-dnc-chair-vote-keith-ellison,4125,87,1299,140,1
https://www.theguardian.com/commentisfree/2017/feb/21/democratic-party-resistance-dnc-chair-vote-keith-ellison,https://amp.theguardian.com/commentisfree/2017/feb/21/democratic-party-resistance-dnc-chair-vote-keith-ellison,4577,252,1216,42,2
https://www.theguardian.com/film/2017/feb/21/best-picture-oscar-winners-unforgiven-clint-eastwood-1993,https://amp.theguardian.com/film/2017/feb/21/best-picture-oscar-winners-unforgiven-clint-eastwood-1993,6842,163,1395,179,0
https://www.theguardian.com/film/2017/feb/21/best-picture-oscar-winners-unforgiven-clint-eastwood-1993,https://amp.theguardian.com/film/2017/feb/21/best-picture-oscar-winners-unforgiven-clint-eastwood-1993,4216,66,1414,186,1
https://www.theguardian.com/film/2017/feb/21/best-picture-oscar-winners-unforgiven-clint-eastwood-1993,https://amp.theguardian.com/film/2017/feb/21/best-picture-oscar-winners-unforgiven-clint-eastwood-1993,4011,69,1453,275,2
https://www.theguardian.com/sustainable-business/2017/feb/21/cow-crowd-sustainable-beef-organic-food-seattle,https://amp.theguardian.com/sustainable-business/2017/feb/21/cow-crowd-sustainable-beef-organic-food-seattle,4347,85,1360,206,0
https://www.theguardian.com/sustainable-business/2017/feb/21/cow-crowd-sustainable-beef-organic-food-seattle,https://amp.theguardian.com/sustainable-business/2017/feb/21/cow-crowd-sustainable-beef-organic-food-seattle,4632,93,1398,203,1
https://www.theguardian.com/sustainable-business/2017/feb/21/cow-crowd-sustainable-beef-organic-food-seattle,https://amp.theguardian.com/sustainable-business/2017/feb/21/cow-crowd-sustainable-beef-organic-food-seattle,4117,127,1163,44,2
https://www.theguardian.com/film/2017/feb/21/female-protagonists-high-2016-arrival-rogue-one-ghostbusters,https://amp.theguardian.com/film/2017/feb/21/female-protagonists-high-2016-arrival-rogue-one-ghostbusters,3953,242,1328,180,0
https://www.theguardian.com/film/2017/feb/21/female-protagonists-high-2016-arrival-rogue-one-ghostbusters,https://amp.theguardian.com/film/2017/feb/21/female-protagonists-high-2016-arrival-rogue-one-ghostbusters,7863,193,1504,36,1
https://www.theguardian.com/film/2017/feb/21/female-protagonists-high-2016-arrival-rogue-one-ghostbusters,https://amp.theguardian.com/film/2017/feb/21/female-protagonists-high-2016-arrival-rogue-one-ghostbusters,4028,80,1495,49,2
https://www.theguardian.com/world/2017/feb/21/milo-yiannopoulos-rise-and-fall-shallow-actor-bad-guy-hate-speech,https://amp.theguardian.com/world/2017/feb/21/milo-yiannopoulos-rise-and-fall-shallow-actor-bad-guy-hate-speech,4804,177,1426,130,0
https://www.theguardian.com/world/2017/feb/21/milo-yiannopoulos-rise-and-fall-shallow-actor-bad-guy-hate-speech,https://amp.theguardian.com/world/2017/feb/21/milo-yiannopoulos-rise-and-fall-shallow-actor-bad-guy-hate-speech,5578,184,1331,191,1
https://www.theguardian.com/world/2017/feb/21/milo-yiannopoulos-rise-and-fall-shallow-actor-bad-guy-hate-speech,https://amp.theguardian.com/world/2017/feb/21/milo-yiannopoulos-rise-and-fall-shallow-actor-bad-guy-hate-speech,3979,179,1321,45,2
https://www.theguardian.com/tv-and-radio/2017/feb/21/billions-damian-lewis-paul-giamatti-the-show-so-smart-it-makes-the-west-wing-look-slow,https://amp.theguardian.com/tv-and-radio/2017/feb/21/billions-damian-lewis-paul-giamatti-the-show-so-smart-it-makes-the-west-wing-look-slow,4891,73,1859,183,0
https://www.theguardian.com/tv-and-radio/2017/feb/21/billions-damian-lewis-paul-giamatti-the-show-so-smart-it-makes-the-west-wing-look-slow,https://amp.theguardian.com/tv-and-radio/2017/feb/21/billions-damian-lewis-paul-giamatti-the-show-so-smart-it-makes-the-west-wing-look-slow,3830,87,1355,194,1
https://www.theguardian.com/tv-and-radio/2017/feb/21/billions-damian-lewis-paul-giamatti-the-show-so-smart-it-makes-the-west-wing-look-slow,https://amp.theguardian.com/tv-and-radio/2017/feb/21/billions-damian-lewis-paul-giamatti-the-show-so-smart-it-makes-the-west-wing-look-slow,4742,98,1207,55,2
https://www.theguardian.com/football/live/2017/feb/21/manchester-city-v-monaco-champions-league-last-16-first-leg-live,https://amp.theguardian.com/football/live/2017/feb/21/manchester-city-v-monaco-champions-league-last-16-first-leg-live,4154,88,1725,283,0
https://www.theguardian.com/football/live/2017/feb/21/manchester-city-v-monaco-champions-league-last-16-first-leg-live,https://amp.theguardian.com/football/live/2017/feb/21/manchester-city-v-monaco-champions-league-last-16-first-leg-live,4209,90,2074,299,1
https://www.theguardian.com/football/live/2017/feb/21/manchester-city-v-monaco-champions-league-last-16-first-leg-live,https://amp.theguardian.com/football/live/2017/feb/21/manchester-city-v-monaco-champions-league-last-16-first-leg-live,5392,83,1333,45,2
https://www.theguardian.com/sport/2017/feb/21/magic-johnson-los-angeles-lakers-fire-mitch-kupchak-nba,https://amp.theguardian.com/sport/2017/feb/21/magic-johnson-los-angeles-lakers-fire-mitch-kupchak-nba,4449,185,1311,174,0
https://www.theguardian.com/sport/2017/feb/21/magic-johnson-los-angeles-lakers-fire-mitch-kupchak-nba,https://amp.theguardian.com/sport/2017/feb/21/magic-johnson-los-angeles-lakers-fire-mitch-kupchak-nba,11540,192,1191,43,1
https://www.theguardian.com/sport/2017/feb/21/magic-johnson-los-angeles-lakers-fire-mitch-kupchak-nba,https://amp.theguardian.com/sport/2017/feb/21/magic-johnson-los-angeles-lakers-fire-mitch-kupchak-nba,3775,87,1171,46,2
https://www.theguardian.com/sport/blog/2017/feb/21/worst-trade-ever-demarcus-cousins-sacramento-kings-pelicans,https://amp.theguardian.com/sport/blog/2017/feb/21/worst-trade-ever-demarcus-cousins-sacramento-kings-pelicans,4390,68,1336,218,0
https://www.theguardian.com/sport/blog/2017/feb/21/worst-trade-ever-demarcus-cousins-sacramento-kings-pelicans,https://amp.theguardian.com/sport/blog/2017/feb/21/worst-trade-ever-demarcus-cousins-sacramento-kings-pelicans,5803,425,1620,178,1
https://www.theguardian.com/sport/blog/2017/feb/21/worst-trade-ever-demarcus-cousins-sacramento-kings-pelicans,https://amp.theguardian.com/sport/blog/2017/feb/21/worst-trade-ever-demarcus-cousins-sacramento-kings-pelicans,4364,278,1163,42,2
https://www.theguardian.com/sport/2017/feb/20/demarcus-cousins-trade-new-orleans-pelicans-sacramento-kings,https://amp.theguardian.com/sport/2017/feb/20/demarcus-cousins-trade-new-orleans-pelicans-sacramento-kings,4792,178,1336,193,0
https://www.theguardian.com/sport/2017/feb/20/demarcus-cousins-trade-new-orleans-pelicans-sacramento-kings,https://amp.theguardian.com/sport/2017/feb/20/demarcus-cousins-trade-new-orleans-pelicans-sacramento-kings,4184,70,1327,177,1
https://www.theguardian.com/sport/2017/feb/20/demarcus-cousins-trade-new-orleans-pelicans-sacramento-kings,https://amp.theguardian.com/sport/2017/feb/20/demarcus-cousins-trade-new-orleans-pelicans-sacramento-kings,4832,68,1285,45,2
https://www.theguardian.com/sport/2017/feb/21/candace-wiggins-stanford-university-basketball,https://amp.theguardian.com/sport/2017/feb/21/candace-wiggins-stanford-university-basketball,3898,170,1248,140,0
https://www.theguardian.com/sport/2017/feb/21/candace-wiggins-stanford-university-basketball,https://amp.theguardian.com/sport/2017/feb/21/candace-wiggins-stanford-university-basketball,4284,67,1160,45,1
https://www.theguardian.com/sport/2017/feb/21/candace-wiggins-stanford-university-basketball,https://amp.theguardian.com/sport/2017/feb/21/candace-wiggins-stanford-university-basketball,3813,90,1118,47,2
https://www.theguardian.com/sport/2017/feb/21/womens-hockey-south-korea-thailand,https://amp.theguardian.com/sport/2017/feb/21/womens-hockey-south-korea-thailand,3317,176,1354,200,0
https://www.theguardian.com/sport/2017/feb/21/womens-hockey-south-korea-thailand,https://amp.theguardian.com/sport/2017/feb/21/womens-hockey-south-korea-thailand,3640,207,1517,37,1
https://www.theguardian.com/sport/2017/feb/21/womens-hockey-south-korea-thailand,https://amp.theguardian.com/sport/2017/feb/21/womens-hockey-south-korea-thailand,4898,174,1127,39,2
https://www.theguardian.com/sport/2017/feb/21/roger-federer-extends-playing-career-2019-swiss-indoor-deal,https://amp.theguardian.com/sport/2017/feb/21/roger-federer-extends-playing-career-2019-swiss-indoor-deal,3184,66,1298,44,0
https://www.theguardian.com/sport/2017/feb/21/roger-federer-extends-playing-career-2019-swiss-indoor-deal,https://amp.theguardian.com/sport/2017/feb/21/roger-federer-extends-playing-career-2019-swiss-indoor-deal,3807,84,1167,35,1
https://www.theguardian.com/sport/2017/feb/21/roger-federer-extends-playing-career-2019-swiss-indoor-deal,https://amp.theguardian.com/sport/2017/feb/21/roger-federer-extends-playing-career-2019-swiss-indoor-deal,4368,57,1255,41,2
https://www.theguardian.com/football/2017/feb/21/brian-schmetzer-seattle-sounders-mls-cup-interview,https://amp.theguardian.com/football/2017/feb/21/brian-schmetzer-seattle-sounders-mls-cup-interview,3677,184,1361,186,0
https://www.theguardian.com/football/2017/feb/21/brian-schmetzer-seattle-sounders-mls-cup-interview,https://amp.theguardian.com/football/2017/feb/21/brian-schmetzer-seattle-sounders-mls-cup-interview,3747,82,1308,192,1
https://www.theguardian.com/football/2017/feb/21/brian-schmetzer-seattle-sounders-mls-cup-interview,https://amp.theguardian.com/football/2017/feb/21/brian-schmetzer-seattle-sounders-mls-cup-interview,3630,68,1138,40,2
https://www.theguardian.com/commentisfree/2017/feb/21/milo-yiannopoulos-republican-bigotry-alt-right,https://amp.theguardian.com/commentisfree/2017/feb/21/milo-yiannopoulos-republican-bigotry-alt-right,3579,70,1744,143,0
https://www.theguardian.com/commentisfree/2017/feb/21/milo-yiannopoulos-republican-bigotry-alt-right,https://amp.theguardian.com/commentisfree/2017/feb/21/milo-yiannopoulos-republican-bigotry-alt-right,3643,85,1164,41,1
https://www.theguardian.com/commentisfree/2017/feb/21/milo-yiannopoulos-republican-bigotry-alt-right,https://amp.theguardian.com/commentisfree/2017/feb/21/milo-yiannopoulos-republican-bigotry-alt-right,3690,69,1237,43,2
https://www.theguardian.com/commentisfree/2017/feb/21/womens-day-strike-march-8-donald-trump,https://amp.theguardian.com/commentisfree/2017/feb/21/womens-day-strike-march-8-donald-trump,3370,67,1326,151,0
https://www.theguardian.com/commentisfree/2017/feb/21/womens-day-strike-march-8-donald-trump,https://amp.theguardian.com/commentisfree/2017/feb/21/womens-day-strike-march-8-donald-trump,3594,66,1180,76,1
https://www.theguardian.com/commentisfree/2017/feb/21/womens-day-strike-march-8-donald-trump,https://amp.theguardian.com/commentisfree/2017/feb/21/womens-day-strike-march-8-donald-trump,3760,84,1254,39,2
https://www.theguardian.com/society/2017/feb/21/uk-us-hate-crime-rise-rightwing-populism,https://amp.theguardian.com/society/2017/feb/21/uk-us-hate-crime-rise-rightwing-populism,4584,66,1280,174,0
https://www.theguardian.com/society/2017/feb/21/uk-us-hate-crime-rise-rightwing-populism,https://amp.theguardian.com/society/2017/feb/21/uk-us-hate-crime-rise-rightwing-populism,3610,71,1581,41,1
https://www.theguardian.com/society/2017/feb/21/uk-us-hate-crime-rise-rightwing-populism,https://amp.theguardian.com/society/2017/feb/21/uk-us-hate-crime-rise-rightwing-populism,10798,108,1245,50,2
https://www.theguardian.com/lifeandstyle/2017/feb/21/no-wives-withholding-sex-are-not-to-blame-for-male-violence,https://amp.theguardian.com/lifeandstyle/2017/feb/21/no-wives-withholding-sex-are-not-to-blame-for-male-violence,4179,189,1394,204,0
https://www.theguardian.com/lifeandstyle/2017/feb/21/no-wives-withholding-sex-are-not-to-blame-for-male-violence,https://amp.theguardian.com/lifeandstyle/2017/feb/21/no-wives-withholding-sex-are-not-to-blame-for-male-violence,5289,78,1379,184,1
https://www.theguardian.com/lifeandstyle/2017/feb/21/no-wives-withholding-sex-are-not-to-blame-for-male-violence,https://amp.theguardian.com/lifeandstyle/2017/feb/21/no-wives-withholding-sex-are-not-to-blame-for-male-violence,3627,99,1178,50,2
https://www.theguardian.com/commentisfree/2017/feb/21/moonlight-affirmation-gay-black-men-exist,https://amp.theguardian.com/commentisfree/2017/feb/21/moonlight-affirmation-gay-black-men-exist,5076,73,1389,183,0
https://www.theguardian.com/commentisfree/2017/feb/21/moonlight-affirmation-gay-black-men-exist,https://amp.theguardian.com/commentisfree/2017/feb/21/moonlight-affirmation-gay-black-men-exist,4209,81,1449,285,1
https://www.theguardian.com/commentisfree/2017/feb/21/moonlight-affirmation-gay-black-men-exist,https://amp.theguardian.com/commentisfree/2017/feb/21/moonlight-affirmation-gay-black-men-exist,8399,67,1166,40,2
https://www.theguardian.com/commentisfree/2017/feb/20/us-politics-left-resistance-christian-anger-jesus-bible,https://amp.theguardian.com/commentisfree/2017/feb/20/us-politics-left-resistance-christian-anger-jesus-bible,5361,76,1348,188,0
https://www.theguardian.com/commentisfree/2017/feb/20/us-politics-left-resistance-christian-anger-jesus-bible,https://amp.theguardian.com/commentisfree/2017/feb/20/us-politics-left-resistance-christian-anger-jesus-bible,4421,281,1308,201,1
https://www.theguardian.com/commentisfree/2017/feb/20/us-politics-left-resistance-christian-anger-jesus-bible,https://amp.theguardian.com/commentisfree/2017/feb/20/us-politics-left-resistance-christian-anger-jesus-bible,3241,79,1356,308,2
https://www.theguardian.com/books/2017/feb/21/milo-yiannopoulos-book-deal-cancelled-outrage-child-abuse-comments,https://amp.theguardian.com/books/2017/feb/21/milo-yiannopoulos-book-deal-cancelled-outrage-child-abuse-comments,5433,101,1367,214,0
https://www.theguardian.com/books/2017/feb/21/milo-yiannopoulos-book-deal-cancelled-outrage-child-abuse-comments,https://amp.theguardian.com/books/2017/feb/21/milo-yiannopoulos-book-deal-cancelled-outrage-child-abuse-comments,4653,62,1127,38,1
https://www.theguardian.com/books/2017/feb/21/milo-yiannopoulos-book-deal-cancelled-outrage-child-abuse-comments,https://amp.theguardian.com/books/2017/feb/21/milo-yiannopoulos-book-deal-cancelled-outrage-child-abuse-comments,4574,336,1279,38,2
https://www.theguardian.com/books/2017/feb/21/us-libraries-join-struggle-to-resist-the-trump-administration,https://amp.theguardian.com/books/2017/feb/21/us-libraries-join-struggle-to-resist-the-trump-administration,5101,75,1359,260,0
https://www.theguardian.com/books/2017/feb/21/us-libraries-join-struggle-to-resist-the-trump-administration,https://amp.theguardian.com/books/2017/feb/21/us-libraries-join-struggle-to-resist-the-trump-administration,5024,75,1343,141,1
https://www.theguardian.com/books/2017/feb/21/us-libraries-join-struggle-to-resist-the-trump-administration,https://amp.theguardian.com/books/2017/feb/21/us-libraries-join-struggle-to-resist-the-trump-administration,5585,68,1167,36,2
https://www.theguardian.com/law/2017/feb/21/mexico-border-shooting-teenager-supreme-court,https://amp.theguardian.com/law/2017/feb/21/mexico-border-shooting-teenager-supreme-court,6498,105,1566,185,0
https://www.theguardian.com/law/2017/feb/21/mexico-border-shooting-teenager-supreme-court,https://amp.theguardian.com/law/2017/feb/21/mexico-border-shooting-teenager-supreme-court,3693,302,1461,386,1
https://www.theguardian.com/law/2017/feb/21/mexico-border-shooting-teenager-supreme-court,https://amp.theguardian.com/law/2017/feb/21/mexico-border-shooting-teenager-supreme-court,4800,416,1442,39,2
https://www.theguardian.com/world/2017/feb/21/bao-bao-giant-panda-leaves-washington-zoo-china,https://amp.theguardian.com/world/2017/feb/21/bao-bao-giant-panda-leaves-washington-zoo-china,4152,282,1271,181,0
https://www.theguardian.com/world/2017/feb/21/bao-bao-giant-panda-leaves-washington-zoo-china,https://amp.theguardian.com/world/2017/feb/21/bao-bao-giant-panda-leaves-washington-zoo-china,4834,74,1456,255,1
https://www.theguardian.com/world/2017/feb/21/bao-bao-giant-panda-leaves-washington-zoo-china,https://amp.theguardian.com/world/2017/feb/21/bao-bao-giant-panda-leaves-washington-zoo-china,3918,167,1607,190,2
https://www.theguardian.com/us-news/2017/feb/20/trump-appoints-hr-mcmaster-national-security-adviser,https://amp.theguardian.com/us-news/2017/feb/20/trump-appoints-hr-mcmaster-national-security-adviser,5448,459,1709,537,0
https://www.theguardian.com/us-news/2017/feb/20/trump-appoints-hr-mcmaster-national-security-adviser,https://amp.theguardian.com/us-news/2017/feb/20/trump-appoints-hr-mcmaster-national-security-adviser,4118,165,1578,45,1
https://www.theguardian.com/us-news/2017/feb/20/trump-appoints-hr-mcmaster-national-security-adviser,https://amp.theguardian.com/us-news/2017/feb/20/trump-appoints-hr-mcmaster-national-security-adviser,5174,521,1240,45,2
https://www.theguardian.com/technology/2017/feb/21/uber-hires-eric-holder-to-investigate-sexual-harassment-allegations,https://amp.theguardian.com/technology/2017/feb/21/uber-hires-eric-holder-to-investigate-sexual-harassment-allegations,5370,67,1319,186,0
https://www.theguardian.com/technology/2017/feb/21/uber-hires-eric-holder-to-investigate-sexual-harassment-allegations,https://amp.theguardian.com/technology/2017/feb/21/uber-hires-eric-holder-to-investigate-sexual-harassment-allegations,8277,206,1196,61,1
https://www.theguardian.com/technology/2017/feb/21/uber-hires-eric-holder-to-investigate-sexual-harassment-allegations,https://amp.theguardian.com/technology/2017/feb/21/uber-hires-eric-holder-to-investigate-sexual-harassment-allegations,35005,81,1180,39,2
https://www.theguardian.com/us-news/2017/feb/20/trump-family-security-new-york-palm-beach-taxes,https://amp.theguardian.com/us-news/2017/feb/20/trump-family-security-new-york-palm-beach-taxes,3551,75,1487,405,0
https://www.theguardian.com/us-news/2017/feb/20/trump-family-security-new-york-palm-beach-taxes,https://amp.theguardian.com/us-news/2017/feb/20/trump-family-security-new-york-palm-beach-taxes,3708,68,1148,52,1
https://www.theguardian.com/us-news/2017/feb/20/trump-family-security-new-york-palm-beach-taxes,https://amp.theguardian.com/us-news/2017/feb/20/trump-family-security-new-york-palm-beach-taxes,4964,98,1143,46,2
https://www.theguardian.com/world/2017/feb/21/robert-mugabe-93rd-birthday-zimbabwe-president-donald-trump,https://amp.theguardian.com/world/2017/feb/21/robert-mugabe-93rd-birthday-zimbabwe-president-donald-trump,3805,68,1441,329,0
https://www.theguardian.com/world/2017/feb/21/robert-mugabe-93rd-birthday-zimbabwe-president-donald-trump,https://amp.theguardian.com/world/2017/feb/21/robert-mugabe-93rd-birthday-zimbabwe-president-donald-trump,3655,75,1777,403,1
https://www.theguardian.com/world/2017/feb/21/robert-mugabe-93rd-birthday-zimbabwe-president-donald-trump,https://amp.theguardian.com/world/2017/feb/21/robert-mugabe-93rd-birthday-zimbabwe-president-donald-trump,5053,86,1497,38,2
https://www.theguardian.com/world/2017/feb/21/spanish-mps-give-junior-masterchef-a-roasting-over-late-night-time-slot,https://amp.theguardian.com/world/2017/feb/21/spanish-mps-give-junior-masterchef-a-roasting-over-late-night-time-slot,4816,71,1292,183,0
https://www.theguardian.com/world/2017/feb/21/spanish-mps-give-junior-masterchef-a-roasting-over-late-night-time-slot,https://amp.theguardian.com/world/2017/feb/21/spanish-mps-give-junior-masterchef-a-roasting-over-late-night-time-slot,3941,72,1224,46,1
https://www.theguardian.com/world/2017/feb/21/spanish-mps-give-junior-masterchef-a-roasting-over-late-night-time-slot,https://amp.theguardian.com/world/2017/feb/21/spanish-mps-give-junior-masterchef-a-roasting-over-late-night-time-slot,4276,179,1195,37,2
https://www.theguardian.com/world/2017/feb/21/icelands-president-would-ban-pineapple-on-pizza-if-he-could,https://amp.theguardian.com/world/2017/feb/21/icelands-president-would-ban-pineapple-on-pizza-if-he-could,4290,69,1453,139,0
https://www.theguardian.com/world/2017/feb/21/icelands-president-would-ban-pineapple-on-pizza-if-he-could,https://amp.theguardian.com/world/2017/feb/21/icelands-president-would-ban-pineapple-on-pizza-if-he-could,5524,587,1391,43,1
https://www.theguardian.com/world/2017/feb/21/icelands-president-would-ban-pineapple-on-pizza-if-he-could,https://amp.theguardian.com/world/2017/feb/21/icelands-president-would-ban-pineapple-on-pizza-if-he-could,3841,67,1114,43,2
https://www.theguardian.com/world/2017/feb/21/austria-grants-us-request-to-extradite-ukrainian-mogul-dmytro-firtash,https://amp.theguardian.com/world/2017/feb/21/austria-grants-us-request-to-extradite-ukrainian-mogul-dmytro-firtash,4527,66,1325,201,0
https://www.theguardian.com/world/2017/feb/21/austria-grants-us-request-to-extradite-ukrainian-mogul-dmytro-firtash,https://amp.theguardian.com/world/2017/feb/21/austria-grants-us-request-to-extradite-ukrainian-mogul-dmytro-firtash,3879,93,1309,198,1
https://www.theguardian.com/world/2017/feb/21/austria-grants-us-request-to-extradite-ukrainian-mogul-dmytro-firtash,https://amp.theguardian.com/world/2017/feb/21/austria-grants-us-request-to-extradite-ukrainian-mogul-dmytro-firtash,4530,73,1121,34,2
https://www.theguardian.com/politics/2017/feb/20/mps-pour-scorn-on-racist-and-sexist-donald-trump-in-state-visit-debate,https://amp.theguardian.com/politics/2017/feb/20/mps-pour-scorn-on-racist-and-sexist-donald-trump-in-state-visit-debate,4647,71,1388,139,0
https://www.theguardian.com/politics/2017/feb/20/mps-pour-scorn-on-racist-and-sexist-donald-trump-in-state-visit-debate,https://amp.theguardian.com/politics/2017/feb/20/mps-pour-scorn-on-racist-and-sexist-donald-trump-in-state-visit-debate,3968,64,2492,45,1
https://www.theguardian.com/politics/2017/feb/20/mps-pour-scorn-on-racist-and-sexist-donald-trump-in-state-visit-debate,https://amp.theguardian.com/politics/2017/feb/20/mps-pour-scorn-on-racist-and-sexist-donald-trump-in-state-visit-debate,3914,167,2498,54,2
https://www.theguardian.com/global-development/2017/feb/21/mexico-kidnappings-refugees-central-america-immigration,https://amp.theguardian.com/global-development/2017/feb/21/mexico-kidnappings-refugees-central-america-immigration,4631,86,1685,353,0
https://www.theguardian.com/global-development/2017/feb/21/mexico-kidnappings-refugees-central-america-immigration,https://amp.theguardian.com/global-development/2017/feb/21/mexico-kidnappings-refugees-central-america-immigration,3795,73,1235,40,1
https://www.theguardian.com/global-development/2017/feb/21/mexico-kidnappings-refugees-central-america-immigration,https://amp.theguardian.com/global-development/2017/feb/21/mexico-kidnappings-refugees-central-america-immigration,3797,96,1361,191,2
https://www.theguardian.com/world/2017/feb/22/antarctic-study-examines-impact-of-aerosols-on-climate-change,https://amp.theguardian.com/world/2017/feb/22/antarctic-study-examines-impact-of-aerosols-on-climate-change,4739,237,1751,183,0
https://www.theguardian.com/world/2017/feb/22/antarctic-study-examines-impact-of-aerosols-on-climate-change,https://amp.theguardian.com/world/2017/feb/22/antarctic-study-examines-impact-of-aerosols-on-climate-change,4180,261,1311,181,1
https://www.theguardian.com/world/2017/feb/22/antarctic-study-examines-impact-of-aerosols-on-climate-change,https://amp.theguardian.com/world/2017/feb/22/antarctic-study-examines-impact-of-aerosols-on-climate-change,3817,78,1202,50,2
https://www.theguardian.com/film/filmblog/2017/feb/21/why-hidden-figures-should-win-the-best-picture-oscar,https://amp.theguardian.com/film/filmblog/2017/feb/21/why-hidden-figures-should-win-the-best-picture-oscar,5063,186,2033,193,0
https://www.theguardian.com/film/filmblog/2017/feb/21/why-hidden-figures-should-win-the-best-picture-oscar,https://amp.theguardian.com/film/filmblog/2017/feb/21/why-hidden-figures-should-win-the-best-picture-oscar,4794,167,1474,186,1
https://www.theguardian.com/film/filmblog/2017/feb/21/why-hidden-figures-should-win-the-best-picture-oscar,https://amp.theguardian.com/film/filmblog/2017/feb/21/why-hidden-figures-should-win-the-best-picture-oscar,5063,156,1471,44,2
https://www.theguardian.com/music/2017/feb/21/music-arnold-schoenberg-do-not-approach-with-caution-pina-napolitano,https://amp.theguardian.com/music/2017/feb/21/music-arnold-schoenberg-do-not-approach-with-caution-pina-napolitano,35112,87,1978,180,0
https://www.theguardian.com/music/2017/feb/21/music-arnold-schoenberg-do-not-approach-with-caution-pina-napolitano,https://amp.theguardian.com/music/2017/feb/21/music-arnold-schoenberg-do-not-approach-with-caution-pina-napolitano,5330,82,1388,186,1
https://www.theguardian.com/music/2017/feb/21/music-arnold-schoenberg-do-not-approach-with-caution-pina-napolitano,https://amp.theguardian.com/music/2017/feb/21/music-arnold-schoenberg-do-not-approach-with-caution-pina-napolitano,5088,76,1275,40,2
https://www.theguardian.com/world/2017/feb/21/iraq-museum-to-display-40-ancient-artefacts-at-venice-biennale,https://amp.theguardian.com/world/2017/feb/21/iraq-museum-to-display-40-ancient-artefacts-at-venice-biennale,5420,174,1358,201,0
https://www.theguardian.com/world/2017/feb/21/iraq-museum-to-display-40-ancient-artefacts-at-venice-biennale,https://amp.theguardian.com/world/2017/feb/21/iraq-museum-to-display-40-ancient-artefacts-at-venice-biennale,3495,75,1162,44,1
https://www.theguardian.com/world/2017/feb/21/iraq-museum-to-display-40-ancient-artefacts-at-venice-biennale,https://amp.theguardian.com/world/2017/feb/21/iraq-museum-to-display-40-ancient-artefacts-at-venice-biennale,3319,67,1148,58,2
https://www.theguardian.com/music/2017/feb/21/power-trip-top-five-metal-albums-leeway-sacrilege-bolt-thrower,https://amp.theguardian.com/music/2017/feb/21/power-trip-top-five-metal-albums-leeway-sacrilege-bolt-thrower,6015,79,1850,182,0
https://www.theguardian.com/music/2017/feb/21/power-trip-top-five-metal-albums-leeway-sacrilege-bolt-thrower,https://amp.theguardian.com/music/2017/feb/21/power-trip-top-five-metal-albums-leeway-sacrilege-bolt-thrower,5923,71,1661,204,1
https://www.theguardian.com/music/2017/feb/21/power-trip-top-five-metal-albums-leeway-sacrilege-bolt-thrower,https://amp.theguardian.com/music/2017/feb/21/power-trip-top-five-metal-albums-leeway-sacrilege-bolt-thrower,5620,72,1808,48,2
https://www.theguardian.com/film/2017/feb/21/moonlight-mahershala-ali-anti-islam-prejudice-black,https://amp.theguardian.com/film/2017/feb/21/moonlight-mahershala-ali-anti-islam-prejudice-black,4824,255,1286,185,0
https://www.theguardian.com/film/2017/feb/21/moonlight-mahershala-ali-anti-islam-prejudice-black,https://amp.theguardian.com/film/2017/feb/21/moonlight-mahershala-ali-anti-islam-prejudice-black,5767,63,1229,56,1
https://www.theguardian.com/film/2017/feb/21/moonlight-mahershala-ali-anti-islam-prejudice-black,https://amp.theguardian.com/film/2017/feb/21/moonlight-mahershala-ali-anti-islam-prejudice-black,4359,66,1175,48,2
https://www.theguardian.com/fashion/2017/feb/20/women-fox-news-dress-alike-republicans-blondes-pundits-ann-coulter-kellyanne-conway-rightwingers,https://amp.theguardian.com/fashion/2017/feb/20/women-fox-news-dress-alike-republicans-blondes-pundits-ann-coulter-kellyanne-conway-rightwingers,3919,77,1294,183,0
https://www.theguardian.com/fashion/2017/feb/20/women-fox-news-dress-alike-republicans-blondes-pundits-ann-coulter-kellyanne-conway-rightwingers,https://amp.theguardian.com/fashion/2017/feb/20/women-fox-news-dress-alike-republicans-blondes-pundits-ann-coulter-kellyanne-conway-rightwingers,4480,71,1161,48,1
https://www.theguardian.com/fashion/2017/feb/20/women-fox-news-dress-alike-republicans-blondes-pundits-ann-coulter-kellyanne-conway-rightwingers,https://amp.theguardian.com/fashion/2017/feb/20/women-fox-news-dress-alike-republicans-blondes-pundits-ann-coulter-kellyanne-conway-rightwingers,4805,85,1194,45,2
https://www.theguardian.com/books/2017/feb/21/walt-whitmans-lost-novel-the-life-and-adventures-of-jack-engle-found,https://amp.theguardian.com/books/2017/feb/21/walt-whitmans-lost-novel-the-life-and-adventures-of-jack-engle-found,1957,95,1284,145,0
https://www.theguardian.com/books/2017/feb/21/walt-whitmans-lost-novel-the-life-and-adventures-of-jack-engle-found,https://amp.theguardian.com/books/2017/feb/21/walt-whitmans-lost-novel-the-life-and-adventures-of-jack-engle-found,6374,606,1480,341,1
https://www.theguardian.com/books/2017/feb/21/walt-whitmans-lost-novel-the-life-and-adventures-of-jack-engle-found,https://amp.theguardian.com/books/2017/feb/21/walt-whitmans-lost-novel-the-life-and-adventures-of-jack-engle-found,3655,63,1154,40,2
https://www.theguardian.com/uk-news/2017/feb/21/gordon-ramsays-father-in-law-charged-computer-hacking,https://amp.theguardian.com/uk-news/2017/feb/21/gordon-ramsays-father-in-law-charged-computer-hacking,3481,65,1250,143,0
https://www.theguardian.com/uk-news/2017/feb/21/gordon-ramsays-father-in-law-charged-computer-hacking,https://amp.theguardian.com/uk-news/2017/feb/21/gordon-ramsays-father-in-law-charged-computer-hacking,3695,170,1107,37,1
https://www.theguardian.com/uk-news/2017/feb/21/gordon-ramsays-father-in-law-charged-computer-hacking,https://amp.theguardian.com/uk-news/2017/feb/21/gordon-ramsays-father-in-law-charged-computer-hacking,3397,87,1206,48,2
https://www.theguardian.com/culture/2017/feb/21/david-cassidy-reveals-dementia-after-faltering-on-stage,https://amp.theguardian.com/culture/2017/feb/21/david-cassidy-reveals-dementia-after-faltering-on-stage,3648,73,1594,129,0
https://www.theguardian.com/culture/2017/feb/21/david-cassidy-reveals-dementia-after-faltering-on-stage,https://amp.theguardian.com/culture/2017/feb/21/david-cassidy-reveals-dementia-after-faltering-on-stage,4623,164,1159,59,1
https://www.theguardian.com/culture/2017/feb/21/david-cassidy-reveals-dementia-after-faltering-on-stage,https://amp.theguardian.com/culture/2017/feb/21/david-cassidy-reveals-dementia-after-faltering-on-stage,35813,68,1161,37,2
https://www.theguardian.com/film/2017/feb/20/lorraine-bracco-goodfellas-the-sopranos-martin-scorsese,https://amp.theguardian.com/film/2017/feb/20/lorraine-bracco-goodfellas-the-sopranos-martin-scorsese,4700,71,1337,186,0
https://www.theguardian.com/film/2017/feb/20/lorraine-bracco-goodfellas-the-sopranos-martin-scorsese,https://amp.theguardian.com/film/2017/feb/20/lorraine-bracco-goodfellas-the-sopranos-martin-scorsese,4720,72,1446,207,1
https://www.theguardian.com/film/2017/feb/20/lorraine-bracco-goodfellas-the-sopranos-martin-scorsese,https://amp.theguardian.com/film/2017/feb/20/lorraine-bracco-goodfellas-the-sopranos-martin-scorsese,4700,120,1415,183,2
https://www.theguardian.com/us-news/2017/feb/20/british-muslim-teacher-denied-entry-to-us-on-school-trip,https://amp.theguardian.com/us-news/2017/feb/20/british-muslim-teacher-denied-entry-to-us-on-school-trip,4720,86,2586,412,0
https://www.theguardian.com/us-news/2017/feb/20/british-muslim-teacher-denied-entry-to-us-on-school-trip,https://amp.theguardian.com/us-news/2017/feb/20/british-muslim-teacher-denied-entry-to-us-on-school-trip,3735,68,1545,300,1
https://www.theguardian.com/us-news/2017/feb/20/british-muslim-teacher-denied-entry-to-us-on-school-trip,https://amp.theguardian.com/us-news/2017/feb/20/british-muslim-teacher-denied-entry-to-us-on-school-trip,4360,73,2557,39,2
https://www.washingtonpost.com/news/post-nation/wp/2017/02/06/twitter-mocks-a-tiny-trump-rally/,https://www.washingtonpost.com/amphtml/news/post-nation/wp/2017/02/06/twitter-mocks-a-tiny-trump-rally/,4509,959,1607,298,0
https://www.washingtonpost.com/news/post-nation/wp/2017/02/06/twitter-mocks-a-tiny-trump-rally/,https://www.washingtonpost.com/amphtml/news/post-nation/wp/2017/02/06/twitter-mocks-a-tiny-trump-rally/,5022,614,2300,447,1
https://www.washingtonpost.com/news/post-nation/wp/2017/02/06/twitter-mocks-a-tiny-trump-rally/,https://www.washingtonpost.com/amphtml/news/post-nation/wp/2017/02/06/twitter-mocks-a-tiny-trump-rally/,4021,88,1339,125,2
https://www.washingtonpost.com/news/worldviews/wp/2017/02/06/bill-oreilly-called-putin-a-killer-now-the-kremlin-wants-an-apology-from-fox-news/,https://www.washingtonpost.com/amphtml/news/worldviews/wp/2017/02/06/bill-oreilly-called-putin-a-killer-now-the-kremlin-wants-an-apology-from-fox-news/,4321,604,1651,404,0
https://www.washingtonpost.com/news/worldviews/wp/2017/02/06/bill-oreilly-called-putin-a-killer-now-the-kremlin-wants-an-apology-from-fox-news/,https://www.washingtonpost.com/amphtml/news/worldviews/wp/2017/02/06/bill-oreilly-called-putin-a-killer-now-the-kremlin-wants-an-apology-from-fox-news/,5582,97,1512,180,1
https://www.washingtonpost.com/news/worldviews/wp/2017/02/06/bill-oreilly-called-putin-a-killer-now-the-kremlin-wants-an-apology-from-fox-news/,https://www.washingtonpost.com/amphtml/news/worldviews/wp/2017/02/06/bill-oreilly-called-putin-a-killer-now-the-kremlin-wants-an-apology-from-fox-news/,4537,149,1385,112,2
https://www.washingtonpost.com/news/the-fix/wp/2017/02/06/she-had-something-to-say-about-betsy-devos-so-she-sent-her-senator-a-pizza-with-a-message/,https://www.washingtonpost.com/amphtml/news/the-fix/wp/2017/02/06/she-had-something-to-say-about-betsy-devos-so-she-sent-her-senator-a-pizza-with-a-message/,7778,1020,1683,503,0
https://www.washingtonpost.com/news/the-fix/wp/2017/02/06/she-had-something-to-say-about-betsy-devos-so-she-sent-her-senator-a-pizza-with-a-message/,https://www.washingtonpost.com/amphtml/news/the-fix/wp/2017/02/06/she-had-something-to-say-about-betsy-devos-so-she-sent-her-senator-a-pizza-with-a-message/,6618,299,2620,111,1
https://www.washingtonpost.com/news/the-fix/wp/2017/02/06/she-had-something-to-say-about-betsy-devos-so-she-sent-her-senator-a-pizza-with-a-message/,https://www.washingtonpost.com/amphtml/news/the-fix/wp/2017/02/06/she-had-something-to-say-about-betsy-devos-so-she-sent-her-senator-a-pizza-with-a-message/,5384,94,1355,144,2
https://www.washingtonpost.com/news/true-crime/wp/2017/02/06/they-were-once-one-big-happy-group-now-two-teens-are-accused-of-killing-another/,https://www.washingtonpost.com/amphtml/news/true-crime/wp/2017/02/06/they-were-once-one-big-happy-group-now-two-teens-are-accused-of-killing-another/,6425,565,1910,802,0
https://www.washingtonpost.com/news/true-crime/wp/2017/02/06/they-were-once-one-big-happy-group-now-two-teens-are-accused-of-killing-another/,https://www.washingtonpost.com/amphtml/news/true-crime/wp/2017/02/06/they-were-once-one-big-happy-group-now-two-teens-are-accused-of-killing-another/,6037,620,1524,125,1
https://www.washingtonpost.com/news/true-crime/wp/2017/02/06/they-were-once-one-big-happy-group-now-two-teens-are-accused-of-killing-another/,https://www.washingtonpost.com/amphtml/news/true-crime/wp/2017/02/06/they-were-once-one-big-happy-group-now-two-teens-are-accused-of-killing-another/,3928,91,1751,131,2
https://www.washingtonpost.com/news/worldviews/wp/2017/02/06/breaking-bad-fan-who-dissolved-cops-body-in-acid-is-found-dead-in-prison/,https://www.washingtonpost.com/amphtml/news/worldviews/wp/2017/02/06/breaking-bad-fan-who-dissolved-cops-body-in-acid-is-found-dead-in-prison/,4795,460,4862,993,0
https://www.washingtonpost.com/news/worldviews/wp/2017/02/06/breaking-bad-fan-who-dissolved-cops-body-in-acid-is-found-dead-in-prison/,https://www.washingtonpost.com/amphtml/news/worldviews/wp/2017/02/06/breaking-bad-fan-who-dissolved-cops-body-in-acid-is-found-dead-in-prison/,5968,95,3778,222,1
https://www.washingtonpost.com/news/worldviews/wp/2017/02/06/breaking-bad-fan-who-dissolved-cops-body-in-acid-is-found-dead-in-prison/,https://www.washingtonpost.com/amphtml/news/worldviews/wp/2017/02/06/breaking-bad-fan-who-dissolved-cops-body-in-acid-is-found-dead-in-prison/,4970,89,1749,663,2
https://www.washingtonpost.com/news/post-nation/wp/2017/02/06/this-judge-told-a-19-year-old-rapist-that-his-probation-would-include-no-sex-outside-of-marriage/,https://www.washingtonpost.com/amphtml/news/post-nation/wp/2017/02/06/this-judge-told-a-19-year-old-rapist-that-his-probation-would-include-no-sex-outside-of-marriage/,1287,59,4145,1071,0
https://www.washingtonpost.com/news/post-nation/wp/2017/02/06/this-judge-told-a-19-year-old-rapist-that-his-probation-would-include-no-sex-outside-of-marriage/,https://www.washingtonpost.com/amphtml/news/post-nation/wp/2017/02/06/this-judge-told-a-19-year-old-rapist-that-his-probation-would-include-no-sex-outside-of-marriage/,4230,778,2771,117,1
https://www.washingtonpost.com/news/post-nation/wp/2017/02/06/this-judge-told-a-19-year-old-rapist-that-his-probation-would-include-no-sex-outside-of-marriage/,https://www.washingtonpost.com/amphtml/news/post-nation/wp/2017/02/06/this-judge-told-a-19-year-old-rapist-that-his-probation-would-include-no-sex-outside-of-marriage/,7171,160,980,130,2
https://www.washingtonpost.com/news/post-nation/wp/2017/02/05/she-went-for-a-jog-and-never-came-home-six-months-later-police-may-have-found-her-killer/,https://www.washingtonpost.com/amphtml/news/post-nation/wp/2017/02/05/she-went-for-a-jog-and-never-came-home-six-months-later-police-may-have-found-her-killer/,1134,65,1554,362,0
https://www.washingtonpost.com/news/post-nation/wp/2017/02/05/she-went-for-a-jog-and-never-came-home-six-months-later-police-may-have-found-her-killer/,https://www.washingtonpost.com/amphtml/news/post-nation/wp/2017/02/05/she-went-for-a-jog-and-never-came-home-six-months-later-police-may-have-found-her-killer/,5089,1267,1568,120,1
https://www.washingtonpost.com/news/post-nation/wp/2017/02/05/she-went-for-a-jog-and-never-came-home-six-months-later-police-may-have-found-her-killer/,https://www.washingtonpost.com/amphtml/news/post-nation/wp/2017/02/05/she-went-for-a-jog-and-never-came-home-six-months-later-police-may-have-found-her-killer/,6183,89,1324,133,2
https://www.washingtonpost.com/news/the-fix/wp/2017/02/05/how-washington-state-became-the-epicenter-of-resistance-to-trumps-agenda/,https://www.washingtonpost.com/amphtml/news/the-fix/wp/2017/02/05/how-washington-state-became-the-epicenter-of-resistance-to-trumps-agenda/,3952,586,1447,594,0
https://www.washingtonpost.com/news/the-fix/wp/2017/02/05/how-washington-state-became-the-epicenter-of-resistance-to-trumps-agenda/,https://www.washingtonpost.com/amphtml/news/the-fix/wp/2017/02/05/how-washington-state-became-the-epicenter-of-resistance-to-trumps-agenda/,4794,1124,1208,166,1
https://www.washingtonpost.com/news/the-fix/wp/2017/02/05/how-washington-state-became-the-epicenter-of-resistance-to-trumps-agenda/,https://www.washingtonpost.com/amphtml/news/the-fix/wp/2017/02/05/how-washington-state-became-the-epicenter-of-resistance-to-trumps-agenda/,4566,116,1818,956,2
https://www.washingtonpost.com/news/early-lead/wp/2017/02/06/ncaa-reportedly-is-on-the-verge-of-blackballing-north-carolina-for-years-over-bathroom-bill/,https://www.washingtonpost.com/amphtml/news/early-lead/wp/2017/02/06/ncaa-reportedly-is-on-the-verge-of-blackballing-north-carolina-for-years-over-bathroom-bill/,4279,668,1526,254,0
https://www.washingtonpost.com/news/early-lead/wp/2017/02/06/ncaa-reportedly-is-on-the-verge-of-blackballing-north-carolina-for-years-over-bathroom-bill/,https://www.washingtonpost.com/amphtml/news/early-lead/wp/2017/02/06/ncaa-reportedly-is-on-the-verge-of-blackballing-north-carolina-for-years-over-bathroom-bill/,2568,64,1434,109,1
https://www.washingtonpost.com/news/early-lead/wp/2017/02/06/ncaa-reportedly-is-on-the-verge-of-blackballing-north-carolina-for-years-over-bathroom-bill/,https://www.washingtonpost.com/amphtml/news/early-lead/wp/2017/02/06/ncaa-reportedly-is-on-the-verge-of-blackballing-north-carolina-for-years-over-bathroom-bill/,3549,95,1320,176,2
https://www.washingtonpost.com/news/post-nation/wp/2017/02/06/trumps-travel-ban-what-happens-next/?utm_term=.80eb6860c483,https://www.washingtonpost.com/amphtml/news/post-nation/wp/2017/02/06/trumps-travel-ban-what-happens-next/?utm_term=.80eb6860c483,5190,792,1334,515,0
https://www.washingtonpost.com/news/post-nation/wp/2017/02/06/trumps-travel-ban-what-happens-next/?utm_term=.80eb6860c483,https://www.washingtonpost.com/amphtml/news/post-nation/wp/2017/02/06/trumps-travel-ban-what-happens-next/?utm_term=.80eb6860c483,108848,116,1861,169,1
https://www.washingtonpost.com/news/post-nation/wp/2017/02/06/trumps-travel-ban-what-happens-next/?utm_term=.80eb6860c483,https://www.washingtonpost.com/amphtml/news/post-nation/wp/2017/02/06/trumps-travel-ban-what-happens-next/?utm_term=.80eb6860c483,1155,62,1921,289,2
https://www.washingtonpost.com/news/politics/wp/2017/02/06/the-white-house-releases-a-list-of-under-covered-terror-attacks-it-would-like-you-to-look-at/?utm_term=.565213c3de08,https://www.washingtonpost.com/amphtml/news/politics/wp/2017/02/06/the-white-house-releases-a-list-of-under-covered-terror-attacks-it-would-like-you-to-look-at/?utm_term=.565213c3de08,7211,581,1259,384,0
https://www.washingtonpost.com/news/politics/wp/2017/02/06/the-white-house-releases-a-list-of-under-covered-terror-attacks-it-would-like-you-to-look-at/?utm_term=.565213c3de08,https://www.washingtonpost.com/amphtml/news/politics/wp/2017/02/06/the-white-house-releases-a-list-of-under-covered-terror-attacks-it-would-like-you-to-look-at/?utm_term=.565213c3de08,6477,95,1013,121,1
https://www.washingtonpost.com/news/politics/wp/2017/02/06/the-white-house-releases-a-list-of-under-covered-terror-attacks-it-would-like-you-to-look-at/?utm_term=.565213c3de08,https://www.washingtonpost.com/amphtml/news/politics/wp/2017/02/06/the-white-house-releases-a-list-of-under-covered-terror-attacks-it-would-like-you-to-look-at/?utm_term=.565213c3de08,6242,92,1275,115,2
https://www.washingtonpost.com/news/get-there/wp/2017/02/06/labor-nominee-andrew-puzder-hired-an-undocumented-houseworker/?utm_term=.0fa022462928,https://www.washingtonpost.com/amphtml/news/get-there/wp/2017/02/06/labor-nominee-andrew-puzder-hired-an-undocumented-houseworker/?utm_term=.0fa022462928,5386,884,5528,264,0
https://www.washingtonpost.com/news/get-there/wp/2017/02/06/labor-nominee-andrew-puzder-hired-an-undocumented-houseworker/?utm_term=.0fa022462928,https://www.washingtonpost.com/amphtml/news/get-there/wp/2017/02/06/labor-nominee-andrew-puzder-hired-an-undocumented-houseworker/?utm_term=.0fa022462928,1066,61,1767,132,1
https://www.washingtonpost.com/news/get-there/wp/2017/02/06/labor-nominee-andrew-puzder-hired-an-undocumented-houseworker/?utm_term=.0fa022462928,https://www.washingtonpost.com/amphtml/news/get-there/wp/2017/02/06/labor-nominee-andrew-puzder-hired-an-undocumented-houseworker/?utm_term=.0fa022462928,5161,97,2018,446,2
https://www.washingtonpost.com/news/politics/wp/2017/02/06/california-and-president-trump-are-going-to-war-with-each-other/,https://www.washingtonpost.com/amphtml/news/politics/wp/2017/02/06/california-and-president-trump-are-going-to-war-with-each-other/,6600,680,1051,145,0
https://www.washingtonpost.com/news/politics/wp/2017/02/06/california-and-president-trump-are-going-to-war-with-each-other/,https://www.washingtonpost.com/amphtml/news/politics/wp/2017/02/06/california-and-president-trump-are-going-to-war-with-each-other/,7356,101,1063,162,1
https://www.washingtonpost.com/news/politics/wp/2017/02/06/california-and-president-trump-are-going-to-war-with-each-other/,https://www.washingtonpost.com/amphtml/news/politics/wp/2017/02/06/california-and-president-trump-are-going-to-war-with-each-other/,1251,62,1057,185,2
https://www.washingtonpost.com/news/the-fix/wp/2017/02/06/mike-pences-awkward-and-telling-response-to-whether-the-u-s-is-morally-superior-to-russia/?utm_term=.89c9b37d266e,https://www.washingtonpost.com/amphtml/news/the-fix/wp/2017/02/06/mike-pences-awkward-and-telling-response-to-whether-the-u-s-is-morally-superior-to-russia/?utm_term=.89c9b37d266e,9492,628,1748,370,0
https://www.washingtonpost.com/news/the-fix/wp/2017/02/06/mike-pences-awkward-and-telling-response-to-whether-the-u-s-is-morally-superior-to-russia/?utm_term=.89c9b37d266e,https://www.washingtonpost.com/amphtml/news/the-fix/wp/2017/02/06/mike-pences-awkward-and-telling-response-to-whether-the-u-s-is-morally-superior-to-russia/?utm_term=.89c9b37d266e,7491,123,2610,1161,1
https://www.washingtonpost.com/news/the-fix/wp/2017/02/06/mike-pences-awkward-and-telling-response-to-whether-the-u-s-is-morally-superior-to-russia/?utm_term=.89c9b37d266e,https://www.washingtonpost.com/amphtml/news/the-fix/wp/2017/02/06/mike-pences-awkward-and-telling-response-to-whether-the-u-s-is-morally-superior-to-russia/?utm_term=.89c9b37d266e,4131,461,1725,414,2
https://www.washingtonpost.com/news/business/wp/2017/02/06/84-lumber-and-the-big-budget-super-bowl-ad-to-nowhere/,https://www.washingtonpost.com/amphtml/news/business/wp/2017/02/06/84-lumber-and-the-big-budget-super-bowl-ad-to-nowhere/,8814,1715,1576,702,0
https://www.washingtonpost.com/news/business/wp/2017/02/06/84-lumber-and-the-big-budget-super-bowl-ad-to-nowhere/,https://www.washingtonpost.com/amphtml/news/business/wp/2017/02/06/84-lumber-and-the-big-budget-super-bowl-ad-to-nowhere/,7749,1036,1203,279,1
https://www.washingtonpost.com/news/business/wp/2017/02/06/84-lumber-and-the-big-budget-super-bowl-ad-to-nowhere/,https://www.washingtonpost.com/amphtml/news/business/wp/2017/02/06/84-lumber-and-the-big-budget-super-bowl-ad-to-nowhere/,10101,105,1161,120,2
https://www.washingtonpost.com/news/sports/wp/2017/02/06/tom-brady-didnt-just-have-the-best-super-bowl-ever-he-played-the-greatest-football-game-ever/,https://www.washingtonpost.com/amphtml/news/sports/wp/2017/02/06/tom-brady-didnt-just-have-the-best-super-bowl-ever-he-played-the-greatest-football-game-ever/,6544,831,1249,397,0
https://www.washingtonpost.com/news/sports/wp/2017/02/06/tom-brady-didnt-just-have-the-best-super-bowl-ever-he-played-the-greatest-football-game-ever/,https://www.washingtonpost.com/amphtml/news/sports/wp/2017/02/06/tom-brady-didnt-just-have-the-best-super-bowl-ever-he-played-the-greatest-football-game-ever/,4466,744,1671,740,1
https://www.washingtonpost.com/news/sports/wp/2017/02/06/tom-brady-didnt-just-have-the-best-super-bowl-ever-he-played-the-greatest-football-game-ever/,https://www.washingtonpost.com/amphtml/news/sports/wp/2017/02/06/tom-brady-didnt-just-have-the-best-super-bowl-ever-he-played-the-greatest-football-game-ever/,5495,101,1029,136,2
https://www.washingtonpost.com/news/the-switch/wp/2017/02/06/these-smart-tvs-were-apparently-spying-on-their-owners/,https://www.washingtonpost.com/amphtml/news/the-switch/wp/2017/02/06/these-smart-tvs-were-apparently-spying-on-their-owners/,4617,819,3714,647,0
https://www.washingtonpost.com/news/the-switch/wp/2017/02/06/these-smart-tvs-were-apparently-spying-on-their-owners/,https://www.washingtonpost.com/amphtml/news/the-switch/wp/2017/02/06/these-smart-tvs-were-apparently-spying-on-their-owners/,4618,155,3712,452,1
https://www.washingtonpost.com/news/the-switch/wp/2017/02/06/these-smart-tvs-were-apparently-spying-on-their-owners/,https://www.washingtonpost.com/amphtml/news/the-switch/wp/2017/02/06/these-smart-tvs-were-apparently-spying-on-their-owners/,19972,738,1024,215,2
https://www.washingtonpost.com/news/in-sight/wp/2017/02/06/these-photos-show-what-the-u-s-mexican-border-looked-like-about-80-years-ago/,https://www.washingtonpost.com/amphtml/news/in-sight/wp/2017/02/06/these-photos-show-what-the-u-s-mexican-border-looked-like-about-80-years-ago/,2998,439,2268,1198,0
https://www.washingtonpost.com/news/in-sight/wp/2017/02/06/these-photos-show-what-the-u-s-mexican-border-looked-like-about-80-years-ago/,https://www.washingtonpost.com/amphtml/news/in-sight/wp/2017/02/06/these-photos-show-what-the-u-s-mexican-border-looked-like-about-80-years-ago/,3126,464,1042,108,1
https://www.washingtonpost.com/news/in-sight/wp/2017/02/06/these-photos-show-what-the-u-s-mexican-border-looked-like-about-80-years-ago/,https://www.washingtonpost.com/amphtml/news/in-sight/wp/2017/02/06/these-photos-show-what-the-u-s-mexican-border-looked-like-about-80-years-ago/,4703,112,1952,240,2
https://www.washingtonpost.com/news/politics/wp/2017/02/06/california-and-president-trump-are-going-to-war-with-each-other/?tid=pm_pop,https://www.washingtonpost.com/amphtml/news/politics/wp/2017/02/06/california-and-president-trump-are-going-to-war-with-each-other/?tid=pm_pop,4558,108,1675,785,0
https://www.washingtonpost.com/news/politics/wp/2017/02/06/california-and-president-trump-are-going-to-war-with-each-other/?tid=pm_pop,https://www.washingtonpost.com/amphtml/news/politics/wp/2017/02/06/california-and-president-trump-are-going-to-war-with-each-other/?tid=pm_pop,2381,64,1055,177,1
https://www.washingtonpost.com/news/politics/wp/2017/02/06/california-and-president-trump-are-going-to-war-with-each-other/?tid=pm_pop,https://www.washingtonpost.com/amphtml/news/politics/wp/2017/02/06/california-and-president-trump-are-going-to-war-with-each-other/?tid=pm_pop,3416,102,1031,145,2
https://www.washingtonpost.com/news/politics/wp/2017/02/06/president-trump-is-now-speculating-that-the-media-is-covering-up-terrorist-attacks/?tid=pm_pop,https://www.washingtonpost.com/amphtml/news/politics/wp/2017/02/06/president-trump-is-now-speculating-that-the-media-is-covering-up-terrorist-attacks/?tid=pm_pop,9819,638,1533,624,0
https://www.washingtonpost.com/news/politics/wp/2017/02/06/president-trump-is-now-speculating-that-the-media-is-covering-up-terrorist-attacks/?tid=pm_pop,https://www.washingtonpost.com/amphtml/news/politics/wp/2017/02/06/president-trump-is-now-speculating-that-the-media-is-covering-up-terrorist-attacks/?tid=pm_pop,3427,101,985,135,1
https://www.washingtonpost.com/news/politics/wp/2017/02/06/president-trump-is-now-speculating-that-the-media-is-covering-up-terrorist-attacks/?tid=pm_pop,https://www.washingtonpost.com/amphtml/news/politics/wp/2017/02/06/president-trump-is-now-speculating-that-the-media-is-covering-up-terrorist-attacks/?tid=pm_pop,2016,60,1030,155,2
https://www.washingtonpost.com/news/business/wp/2017/02/06/84-lumber-and-the-big-budget-super-bowl-ad-to-nowhere/?tid=pm_pop,https://www.washingtonpost.com/amphtml/news/business/wp/2017/02/06/84-lumber-and-the-big-budget-super-bowl-ad-to-nowhere/?tid=pm_pop,3769,111,1517,629,0
https://www.washingtonpost.com/news/business/wp/2017/02/06/84-lumber-and-the-big-budget-super-bowl-ad-to-nowhere/?tid=pm_pop,https://www.washingtonpost.com/amphtml/news/business/wp/2017/02/06/84-lumber-and-the-big-budget-super-bowl-ad-to-nowhere/?tid=pm_pop,4814,114,1273,406,1
https://www.washingtonpost.com/news/business/wp/2017/02/06/84-lumber-and-the-big-budget-super-bowl-ad-to-nowhere/?tid=pm_pop,https://www.washingtonpost.com/amphtml/news/business/wp/2017/02/06/84-lumber-and-the-big-budget-super-bowl-ad-to-nowhere/?tid=pm_pop,6808,105,1116,175,2
https://www.washingtonpost.com/news/post-politics/wp/2017/02/06/here-are-the-78-terrorist-attacks-the-white-house-says-were-largely-under-reported/?tid=pm_pop,https://www.washingtonpost.com/amphtml/news/post-politics/wp/2017/02/06/here-are-the-78-terrorist-attacks-the-white-house-says-were-largely-under-reported/?tid=pm_pop,16701,628,2871,2029,0
https://www.washingtonpost.com/news/post-politics/wp/2017/02/06/here-are-the-78-terrorist-attacks-the-white-house-says-were-largely-under-reported/?tid=pm_pop,https://www.washingtonpost.com/amphtml/news/post-politics/wp/2017/02/06/here-are-the-78-terrorist-attacks-the-white-house-says-were-largely-under-reported/?tid=pm_pop,6586,97,989,123,1
https://www.washingtonpost.com/news/post-politics/wp/2017/02/06/here-are-the-78-terrorist-attacks-the-white-house-says-were-largely-under-reported/?tid=pm_pop,https://www.washingtonpost.com/amphtml/news/post-politics/wp/2017/02/06/here-are-the-78-terrorist-attacks-the-white-house-says-were-largely-under-reported/?tid=pm_pop,4478,102,1136,146,2
https://www.washingtonpost.com/news/post-politics/wp/2017/02/06/in-echoes-of-2009-republicans-see-astroturf-in-democratic-protests/,https://www.washingtonpost.com/amphtml/news/post-politics/wp/2017/02/06/in-echoes-of-2009-republicans-see-astroturf-in-democratic-protests/,9076,593,3100,352,0
https://www.washingtonpost.com/news/post-politics/wp/2017/02/06/in-echoes-of-2009-republicans-see-astroturf-in-democratic-protests/,https://www.washingtonpost.com/amphtml/news/post-politics/wp/2017/02/06/in-echoes-of-2009-republicans-see-astroturf-in-democratic-protests/,5562,91,5966,153,1
https://www.washingtonpost.com/news/post-politics/wp/2017/02/06/in-echoes-of-2009-republicans-see-astroturf-in-democratic-protests/,https://www.washingtonpost.com/amphtml/news/post-politics/wp/2017/02/06/in-echoes-of-2009-republicans-see-astroturf-in-democratic-protests/,3353,99,2360,745,2
https://www.washingtonpost.com/news/powerpost/wp/2017/02/06/trumps-first-100-days-ban-in-court-protest-votes-and-fake-news/,https://www.washingtonpost.com/amphtml/news/powerpost/wp/2017/02/06/trumps-first-100-days-ban-in-court-protest-votes-and-fake-news/,5375,1545,1311,452,0
https://www.washingtonpost.com/news/powerpost/wp/2017/02/06/trumps-first-100-days-ban-in-court-protest-votes-and-fake-news/,https://www.washingtonpost.com/amphtml/news/powerpost/wp/2017/02/06/trumps-first-100-days-ban-in-court-protest-votes-and-fake-news/,4929,110,1550,427,1
https://www.washingtonpost.com/news/powerpost/wp/2017/02/06/trumps-first-100-days-ban-in-court-protest-votes-and-fake-news/,https://www.washingtonpost.com/amphtml/news/powerpost/wp/2017/02/06/trumps-first-100-days-ban-in-court-protest-votes-and-fake-news/,4041,92,1002,122,2
https://www.washingtonpost.com/news/post-politics/wp/2017/02/06/here-are-the-78-terrorist-attacks-the-white-house-says-were-largely-under-reported/,https://www.washingtonpost.com/amphtml/news/post-politics/wp/2017/02/06/here-are-the-78-terrorist-attacks-the-white-house-says-were-largely-under-reported/,5865,97,2273,1448,0
https://www.washingtonpost.com/news/post-politics/wp/2017/02/06/here-are-the-78-terrorist-attacks-the-white-house-says-were-largely-under-reported/,https://www.washingtonpost.com/amphtml/news/post-politics/wp/2017/02/06/here-are-the-78-terrorist-attacks-the-white-house-says-were-largely-under-reported/,8511,89,1039,169,1
https://www.washingtonpost.com/news/post-politics/wp/2017/02/06/here-are-the-78-terrorist-attacks-the-white-house-says-were-largely-under-reported/,https://www.washingtonpost.com/amphtml/news/post-politics/wp/2017/02/06/here-are-the-78-terrorist-attacks-the-white-house-says-were-largely-under-reported/,3107,112,1600,164,2
https://www.washingtonpost.com/news/dr-gridlock/wp/2017/02/06/in-illinois-older-drivers-are-tested-more-and-crash-rates-have-dropped/,https://www.washingtonpost.com/amphtml/news/dr-gridlock/wp/2017/02/06/in-illinois-older-drivers-are-tested-more-and-crash-rates-have-dropped/,1131,64,2858,674,0
https://www.washingtonpost.com/news/dr-gridlock/wp/2017/02/06/in-illinois-older-drivers-are-tested-more-and-crash-rates-have-dropped/,https://www.washingtonpost.com/amphtml/news/dr-gridlock/wp/2017/02/06/in-illinois-older-drivers-are-tested-more-and-crash-rates-have-dropped/,5941,1103,1183,121,1
https://www.washingtonpost.com/news/dr-gridlock/wp/2017/02/06/in-illinois-older-drivers-are-tested-more-and-crash-rates-have-dropped/,https://www.washingtonpost.com/amphtml/news/dr-gridlock/wp/2017/02/06/in-illinois-older-drivers-are-tested-more-and-crash-rates-have-dropped/,4826,101,1606,506,2
https://www.washingtonpost.com/news/dc-sports-bog/wp/2017/02/06/lebron-james-did-lebron-james-things-in-cavs-overtime-win-against-the-wizards/,https://www.washingtonpost.com/amphtml/news/dc-sports-bog/wp/2017/02/06/lebron-james-did-lebron-james-things-in-cavs-overtime-win-against-the-wizards/,23326,525,1852,264,0
https://www.washingtonpost.com/news/dc-sports-bog/wp/2017/02/06/lebron-james-did-lebron-james-things-in-cavs-overtime-win-against-the-wizards/,https://www.washingtonpost.com/amphtml/news/dc-sports-bog/wp/2017/02/06/lebron-james-did-lebron-james-things-in-cavs-overtime-win-against-the-wizards/,5119,733,1600,124,1
https://www.washingtonpost.com/news/dc-sports-bog/wp/2017/02/06/lebron-james-did-lebron-james-things-in-cavs-overtime-win-against-the-wizards/,https://www.washingtonpost.com/amphtml/news/dc-sports-bog/wp/2017/02/06/lebron-james-did-lebron-james-things-in-cavs-overtime-win-against-the-wizards/,6195,89,1328,108,2
https://www.washingtonpost.com/news/dc-sports-bog/wp/2017/02/06/with-one-game-the-wizards-cavaliers-rivalry-comes-roaring-back/,https://www.washingtonpost.com/amphtml/news/dc-sports-bog/wp/2017/02/06/with-one-game-the-wizards-cavaliers-rivalry-comes-roaring-back/,6486,601,2233,447,0
https://www.washingtonpost.com/news/dc-sports-bog/wp/2017/02/06/with-one-game-the-wizards-cavaliers-rivalry-comes-roaring-back/,https://www.washingtonpost.com/amphtml/news/dc-sports-bog/wp/2017/02/06/with-one-game-the-wizards-cavaliers-rivalry-comes-roaring-back/,4414,86,4339,453,1
https://www.washingtonpost.com/news/dc-sports-bog/wp/2017/02/06/with-one-game-the-wizards-cavaliers-rivalry-comes-roaring-back/,https://www.washingtonpost.com/amphtml/news/dc-sports-bog/wp/2017/02/06/with-one-game-the-wizards-cavaliers-rivalry-comes-roaring-back/,7927,62,1914,114,2
https://www.washingtonpost.com/news/early-lead/wp/2017/02/06/76ers-jahlil-okafor-reportedly-close-to-being-traded-to-pelicans/,https://www.washingtonpost.com/amphtml/news/early-lead/wp/2017/02/06/76ers-jahlil-okafor-reportedly-close-to-being-traded-to-pelicans/,6399,547,1643,247,0
https://www.washingtonpost.com/news/early-lead/wp/2017/02/06/76ers-jahlil-okafor-reportedly-close-to-being-traded-to-pelicans/,https://www.washingtonpost.com/amphtml/news/early-lead/wp/2017/02/06/76ers-jahlil-okafor-reportedly-close-to-being-traded-to-pelicans/,5277,98,1156,121,1
https://www.washingtonpost.com/news/early-lead/wp/2017/02/06/76ers-jahlil-okafor-reportedly-close-to-being-traded-to-pelicans/,https://www.washingtonpost.com/amphtml/news/early-lead/wp/2017/02/06/76ers-jahlil-okafor-reportedly-close-to-being-traded-to-pelicans/,5983,224,1171,135,2
https://www.washingtonpost.com/news/arts-and-entertainment/wp/2017/02/06/ford-used-nina-simones-civil-rights-anthem-in-a-super-bowl-ad-and-some-people-are-not-happy/,https://www.washingtonpost.com/amphtml/news/arts-and-entertainment/wp/2017/02/06/ford-used-nina-simones-civil-rights-anthem-in-a-super-bowl-ad-and-some-people-are-not-happy/,6122,558,2212,862,0
https://www.washingtonpost.com/news/arts-and-entertainment/wp/2017/02/06/ford-used-nina-simones-civil-rights-anthem-in-a-super-bowl-ad-and-some-people-are-not-happy/,https://www.washingtonpost.com/amphtml/news/arts-and-entertainment/wp/2017/02/06/ford-used-nina-simones-civil-rights-anthem-in-a-super-bowl-ad-and-some-people-are-not-happy/,1095,75,2380,791,1
https://www.washingtonpost.com/news/arts-and-entertainment/wp/2017/02/06/ford-used-nina-simones-civil-rights-anthem-in-a-super-bowl-ad-and-some-people-are-not-happy/,https://www.washingtonpost.com/amphtml/news/arts-and-entertainment/wp/2017/02/06/ford-used-nina-simones-civil-rights-anthem-in-a-super-bowl-ad-and-some-people-are-not-happy/,1422,61,1541,108,2
https://www.washingtonpost.com/news/arts-and-entertainment/wp/2017/02/06/no-lady-gaga-didnt-really-jump-off-the-roof-live-at-the-super-bowl/,https://www.washingtonpost.com/amphtml/news/arts-and-entertainment/wp/2017/02/06/no-lady-gaga-didnt-really-jump-off-the-roof-live-at-the-super-bowl/,1121,123,1575,316,0
https://www.washingtonpost.com/news/arts-and-entertainment/wp/2017/02/06/no-lady-gaga-didnt-really-jump-off-the-roof-live-at-the-super-bowl/,https://www.washingtonpost.com/amphtml/news/arts-and-entertainment/wp/2017/02/06/no-lady-gaga-didnt-really-jump-off-the-roof-live-at-the-super-bowl/,4113,522,1281,129,1
https://www.washingtonpost.com/news/arts-and-entertainment/wp/2017/02/06/no-lady-gaga-didnt-really-jump-off-the-roof-live-at-the-super-bowl/,https://www.washingtonpost.com/amphtml/news/arts-and-entertainment/wp/2017/02/06/no-lady-gaga-didnt-really-jump-off-the-roof-live-at-the-super-bowl/,5876,84,1496,139,2
https://www.washingtonpost.com/news/the-switch/wp/2017/02/04/no-the-white-house-is-not-freezing-anti-trump-petitions/,https://www.washingtonpost.com/amphtml/news/the-switch/wp/2017/02/04/no-the-white-house-is-not-freezing-anti-trump-petitions/,4320,1093,2881,260,0
https://www.washingtonpost.com/news/the-switch/wp/2017/02/04/no-the-white-house-is-not-freezing-anti-trump-petitions/,https://www.washingtonpost.com/amphtml/news/the-switch/wp/2017/02/04/no-the-white-house-is-not-freezing-anti-trump-petitions/,3739,99,2882,111,1
https://www.washingtonpost.com/news/the-switch/wp/2017/02/04/no-the-white-house-is-not-freezing-anti-trump-petitions/,https://www.washingtonpost.com/amphtml/news/the-switch/wp/2017/02/04/no-the-white-house-is-not-freezing-anti-trump-petitions/,3747,306,1749,127,2
https://www.washingtonpost.com/news/the-switch/wp/2017/02/03/the-fcc-is-stopping-9-companies-from-providing-subsidized-broadband-to-the-poor/,https://www.washingtonpost.com/amphtml/news/the-switch/wp/2017/02/03/the-fcc-is-stopping-9-companies-from-providing-subsidized-broadband-to-the-poor/,23262,805,4400,322,0
https://www.washingtonpost.com/news/the-switch/wp/2017/02/03/the-fcc-is-stopping-9-companies-from-providing-subsidized-broadband-to-the-poor/,https://www.washingtonpost.com/amphtml/news/the-switch/wp/2017/02/03/the-fcc-is-stopping-9-companies-from-providing-subsidized-broadband-to-the-poor/,36281,1034,2726,111,1
https://www.washingtonpost.com/news/the-switch/wp/2017/02/03/the-fcc-is-stopping-9-companies-from-providing-subsidized-broadband-to-the-poor/,https://www.washingtonpost.com/amphtml/news/the-switch/wp/2017/02/03/the-fcc-is-stopping-9-companies-from-providing-subsidized-broadband-to-the-poor/,5003,99,1720,136,2
https://www.washingtonpost.com/news/wonk/wp/2017/02/06/trump-aides-might-be-considering-a-major-change-to-presidents-maternity-leave-plan/,https://www.washingtonpost.com/amphtml/news/wonk/wp/2017/02/06/trump-aides-might-be-considering-a-major-change-to-presidents-maternity-leave-plan/,3949,830,1498,148,0
https://www.washingtonpost.com/news/wonk/wp/2017/02/06/trump-aides-might-be-considering-a-major-change-to-presidents-maternity-leave-plan/,https://www.washingtonpost.com/amphtml/news/wonk/wp/2017/02/06/trump-aides-might-be-considering-a-major-change-to-presidents-maternity-leave-plan/,4905,96,1412,118,1
https://www.washingtonpost.com/news/wonk/wp/2017/02/06/trump-aides-might-be-considering-a-major-change-to-presidents-maternity-leave-plan/,https://www.washingtonpost.com/amphtml/news/wonk/wp/2017/02/06/trump-aides-might-be-considering-a-major-change-to-presidents-maternity-leave-plan/,2211,62,992,138,2
https://www.washingtonpost.com/news/get-there/wp/2017/02/06/labor-nominee-andrew-puzder-hired-an-undocumented-houseworker/,https://www.washingtonpost.com/amphtml/news/get-there/wp/2017/02/06/labor-nominee-andrew-puzder-hired-an-undocumented-houseworker/,4205,961,1296,299,0
https://www.washingtonpost.com/news/get-there/wp/2017/02/06/labor-nominee-andrew-puzder-hired-an-undocumented-houseworker/,https://www.washingtonpost.com/amphtml/news/get-there/wp/2017/02/06/labor-nominee-andrew-puzder-hired-an-undocumented-houseworker/,4541,91,1878,114,1